,precision,recall,f1-score,support
Duplicate,0.9574710029565613,0.9765715611227094,0.9669269637115296,38799.0
Non-Link,0.9586391704532214,0.9544136411089201,0.9565217391304348,8621.0
Relate,0.7748502994011977,0.634936211972522,0.6979503775620279,4076.0
accuracy,0.9458210346434675,0.9458210346434675,0.9458210346434675,0.9458210346434675
macro avg,0.8969868242703267,0.8553071380680505,0.8737996934679974,51496.0
weighted avg,0.9432118135883977,0.9458210346434675,0.9438950387802926,51496.0
